Annee-concours,_ - ID,_ - Concours,_ - TypeDeConcours,_ - Laureat - Tel,_ - Laureat - Ville,_ - Laureat - Adresse1,_ - Laureat - Adresse2,_ - Laureat - CodePostal,_ - Laureat - RaisonSociale
2013,67,Alsace,VINS,0389493021,Vœgtlinshoffen,19 rue Roger Frémeaux,,68420,Cattin Frères
2013,68,Beaujolais,VINS,03 85 36 77 49,Chapelle-de-Guinchay (La),les Jean-Loron cidex 323,,71570,Bouchacourt Daniel
2013,69,Bordeaux,VINS,05 57 51 17 86,Lalande-de-Pomerol,10 route de Viaud,,33500,SAS Château de Viaud
2013,70,Bourgogne,VINS,0380629303,Corgoloin,3 rue de la Bretonnière,,21700,EARL Domaine GACHOT-MONOT
2013,71,Champagne,VINS,0323820941,Crouttes-sur-Marne,49 rue de Bézu,,02310,Champagne Paul Leredde
2013,72,Corse,VINS,04 95 25 19 61,Porticcio,Pisciatella,,20166,Bianchetti Jacques
2013,73,Jura Franche-Comté,VINS,,Dole,18 rue Marius Pieyre,,39100,BOILLEY Joel
2013,74,Languedoc-Roussillon,VINS,04 68 45 01 13,Cucugnan,10 Route de Duilhac - CD14,,11350,Société Civile Agricole du Trillol
2013,75,Provence,VINS,06 81 43 94 62,Puyloubier,chemin de la Colle,,13114,EARL Domaine des Diables
2013,76,Savoie-Bugey,VINS,04 74 37 12 34,Boyeux-Saint-Jérôme,7 rue des vignerons CORNELLE,,01640,EARL RONDEAU 
2013,77,Sud-Ouest,VINS,05 62 64 30 49,Sainte-Christie,Domaine du château Larroque,,32390,Bozzi Pascal
2013,78,Val-de-Loire et Centre,VINS,04 73 96 41 42,Boudes,route de Dauzat,,63340,SCEA SAUVAT Claude et Annie
2013,79,Vallée-du-Rhône,VINS,0475982174,Bouchet,"1, Rue du Mistral",,26790,REIFA Jérôme
2013,80,Apéritifs,PRODUITS,03 80 61 22 80,Arcenant,7 rue Amyntas Renevey,,21700,Joannet Gilles
2013,81,Bières,PRODUITS,03 21 72 24 24,Aix-Noulette,26 route d'Arras,,62160,SAS Brasserie Saint Germain - Bogaert Alain
2013,82,Charcuteries,PRODUITS,02 43 60 31 00,Sceaux-sur-Huisne,RD 323,,72160,Bahier
2013,83,Cidres et Poirés bouchés,PRODUITS,02 98 94 94 50,Fouesnant,54 Hent Carbon,,29170,CIDRERIE DE MENEZ BRUG
2013,279,Découpes de Volailles ,PRODUITS,05 58 55 33 04,Clermont,650 chemin de Mondenx,,40180,Le Canard chez Degert
2013,84,Eaux de Vie hors Armagnac et Alsace,PRODUITS,05 45 83 40 18,Segonzac,18 rue Millardet,,16130,SARL Maison Paul Beau
2013,87,Jus de Fruits et nectars,PRODUITS,04 90 28 90 81,Villedieu,Domaine Ferme des Arnaud,Lieu dit LES PIGIERES,84110,Domaine  Ferme des Arnaud 
2013,88,Miels et Hydromels,PRODUITS,03 83 49 26 56,Faulx,24 route de Malleloy,,54760,Houpert Jacques
2013,85,Huiles de Noix,PRODUITS,02 41 51 51 26,Vernoil-le-Fourrier,ZA des Doués,,49390,SAS Huilerie Vernoilaise
2013,95,Produits Oléicoles,PRODUITS,06 25 39 38 34,Fontvieille,Chemin de Saint Jean,,13990,CATHALA
2013,86,Huîtres,PRODUITS,02 98 67 21 90,Plouezoc'h,La Palud - Le Dourduff en Mer,,29252,EARL l'Huitrier
2013,91,Produits issus de palmipèdes gras,PRODUITS,05 62 09 82 85,Eauze,Mounet,,32800,EURL Ferme de Mounet - MB Molas
2013,89,Piments d'Espelette AOC,PRODUITS,05 59 93 93 14,Espelette,Maison Elharra,Quartier Lahargueta,64250,EARL Elharra
2013,92,Produits Laitiers National,PRODUITS,04 79 38 33 62,Beaufort,BP 5,,73270,Coopérative Laitière du Beaufortain
2013,93,Produits Laitiers National,PRODUITS,04 79 24 03 65,Moûtiers,20 avenue des XVIe Jeux Olympiques d'Hiver,,73600,Coopérative Laitière de la Région de Moutiers
2013,94,Produits Laitiers National,PRODUITS,04 73 71 91 96,Égliseneuve-d'Entraigues,La Grange Neuve,,63850,GAEC Grégoire
2013,90,Pommeaux,PRODUITS,02 31 22 40 51,Saint-Laurent-sur-Mer,ferme de la sapiniere,,14710,SCEA Ferme de la Sapinière
2013,96,Rhums et Punchs,PRODUITS,0594312080,CAYENNE - GUYANE FRSE,14 avenue Leopold Heder,,97300,SAS RHUMS SAINT MAURICE 
2013,97,Truites Fumées à froid,PRODUITS,02 98 81 87 06,Châteauneuf-du-Faou,Zone Industrielle - BP 29,,29520,SA Bretagne Saumon
2013,98,Vanilles,PRODUITS,0262230726,SAINTE- SUZANNE,"2 ter Allée CHASSAGNE, Domaine du Grand Hazier",,97441,La Vanilleraie
2013,99,Vins de Liqueur,PRODUITS,0562281216,Condom,59 avenue des Mousquetaires,,32100,Val de Gascogne
2014,55,Beaujolais,VINS,04 74 72 40 16,Bois-d'Oingt (Le),Saint-Pol,,69620,Sève Laurent
2014,56,Bordeaux,VINS,0557561521,Sainte-Colombe,Château la Clarière Laithwaite,,33350,SARL Direct Wines Castillon
2014,57,Bourgogne,VINS,06 08 04 28 12,Mercurey,7 Rue du CLos Rond,,71640,Domaine de l' Europe
2014,58,Champagne,VINS,03 26 97 43 12,Treslon,14 grande rue,,51140,Champagne Franck BERGERONNEAU
2014,59,Corse,VINS,04 95 25 19 61,Porticcio,Pisciatella,,20166,Bianchetti Jacques
2014,60,Jura Franche-Comté,VINS,06 10 68 64 77,Montigny-lès-Arsures,4 quartier de la Boutière,,39600,EARL Caveau de Bacchus   AVIET Père et Fils
2014,61,Languedoc-Roussillon,VINS,0468271800,Luc-sur-Orbieu,8 rue des Etangs,,11200,SCEA THIERRY FONTANILLE
2014,54,Lorraine,VINS,03 83 63 29 02,Bruley,90 rue Victor-Hugo,,54200,Domaine de la Linotte Laroppe Marc
2014,62,Provence,VINS,06 81 43 94 62,Puyloubier,chemin de la Colle,,13114,EARL Domaine des Diables
2014,63,Savoie-Bugey,VINS,04 74 37 12 34,Boyeux-Saint-Jérôme,7 rue des vignerons CORNELLE,,01640,EARL RONDEAU 
2014,64,Sud-Ouest,VINS,05 53 24 29 05,Lamonzie-saint-martin,19 route de Bouffevent,,24680,CHATEAU BOUFFEVENT
2014,65,Val-de-Loire et Centre,VINS,0240863748,Vallet,La Ferté,,44330,GAEC de la Ferté
2014,66,Vallée-du-Rhône,VINS,0475046228,Saint-Martin-d'Ardèche,Rue Marx Ernst,,07700,Domaine Nicolas Croze
2014,32,Apéritifs,PRODUITS,03 80 61 22 80,Arcenant,7 rue Amyntas Renevey,,21700,Joannet Gilles
2014,52,Volailles Abattues,PRODUITS,0562665191,Mirande,Route d'Auch,,32300,Avigers
2014,33,Bières,PRODUITS,0327498804,Jenlain,113 route Nationale,,59144,Brasserie Duyck
2014,34,Charcuteries,PRODUITS,0243086956,Gorron,ZA LES GORRONNAISES,,53120,SAS LES RILLETTES GORRONNAISES
2014,35,Cidres et Poirés bouchés,PRODUITS,02 43 01 84 83,Brûlatte (La),Cornesse,,53410,EARL Marie et Fabien BOURNY
2014,36,Eaux de Vie hors Armagnac,PRODUITS,05 46 49 51 20,Celles,87 route de la Vallée du Né,Les Corbinauds,17520,Estève Jacques
2014,39,Jus de Fruits et nectars,PRODUITS,04 90 28 90 81,Villedieu,Domaine Ferme des Arnaud,Lieu dit LES PIGIERES,84110,Domaine  Ferme des Arnaud 
2014,40,Miels et Hydromels,PRODUITS,04 93 04 02 46,Sospel,1535 Route du Moulinet ,La Vasta,06380,Lavoriero Catherine et Marc
2014,37,Huiles de Noix,PRODUITS,02 41 51 51 26,Vernoil-le-Fourrier,ZA des Doués,,49390,SAS Huilerie Vernoilaise
2014,51,Produits Oléicoles,PRODUITS,0490959690,Saint-Rémy-de-Provence,Route d'Orgon,MAS GRAN CABANO,13210,Crouzet Franck
2014,38,Huîtres,PRODUITS,06 25 69 36 21,Carnac,Chemin de Kerivor,Pointe du Gourec,56340,EARL YAD Marine
2014,43,Produits issus de palmipèdes gras,PRODUITS,05 58 97 77 68,Hauriet,1141 route de Ferme Guilhem - Loustalot,,40250,EARL Ferme Guilhem
2014,41,Piments d'Espelette AOC,PRODUITS,05 59 93 93 14,Espelette,Maison Elharra,Quartier Lahargueta,64250,EARL Elharra
2014,45,Produits Laitiers National,PRODUITS,04 77 76 82 86,Saint-Bonnet-le-Courreau,Le Pont de la Pierre,,42940,Société Fromagère de Saint-Bonnet
2014,44,Produits Laitiers National,PRODUITS,04 79 54 60 28,Aillon-le-Jeune,Chef Lieu,,73340,Fromagerie du Val d'Aillon
2014,46,Produits Laitiers National,PRODUITS,04 50 02 71 19,Grand-Bornand (Le),L'Envers du Village,,74450,Perrillat Mercerot Denis
2014,47,Produits Laitiers National,PRODUITS,04 50 02 00 70,Thônes,Chemin du Mont,,74230,SARL Pochat Fromages
2014,42,Pommeaux,PRODUITS,02 43 01 84 83,Brûlatte (La),Cornesse,,53410,EARL Marie et Fabien BOURNY
2014,48,Rhums et Punchs,PRODUITS,05 96 77 80 80,Ducos,Genipa,,97224,Distilleries Agricoles de Sainte Luce
2014,49,Truites Fumées à froid,PRODUITS,05 58 05 61 00,Roquefort,505 rue de la Grande Lande,,40120,SAS Aqualande
2014,50,Vanille,PRODUITS,0262230726,SAINTE- SUZANNE,"2 ter Allée CHASSAGNE, Domaine du Grand Hazier",,97441,La Vanilleraie
2014,53,Vins de Liqueur,PRODUITS,0562281216,Condom,59 avenue des Mousquetaires,,32100,Val de Gascogne
2015,355,Beaujolais,VINS,04 74 66 04 46,Saint-Lager,1501 rte de Belleville,,69220,EARL du Domaine LAFOND
2015,356,Bordeaux,VINS,0557840895,Jugazan,1 la Perrière,,33420,Falgueyret Jérôme
2015,369,Bourgogne,VINS,03 80 52 17 59,Marsannay-la-Côte,31 rue du chateau,,21160,Domaine Coillot Bernard père & fils
2015,370,Champagne,VINS,0326979048,Villers-Marmery,35 rue Pasteur,,51380,Champagne Sadi Malot
2015,357,Corse,VINS,04 95 60 70 68,Lumio,Chemin San Petru,,20260,SARL Culombu
2015,371,Jura Franche-Comté,VINS,06 10 68 64 77,Montigny-lès-Arsures,4 quartier de la Boutière,,39600,EARL Caveau de Bacchus   AVIET Père et Fils
2015,374,Languedoc-Roussillon,VINS,0468271800,Luc-sur-Orbieu,8 rue des Etangs,,11200,SCEA THIERRY FONTANILLE
2015,358,Lorraine,VINS,0383431104,Bruley,253 rue de la République,,54200,LAROPPE Vincent
2015,359,Provence,VINS,06 81 43 94 62,Puyloubier,chemin de la Colle,,13114,EARL Domaine des Diables
2015,373,Savoie-Bugey,VINS,04 74 37 12 34,Boyeux-Saint-Jérôme,7 rue des vignerons CORNELLE,,01640,EARL RONDEAU 
2015,360,Sud-Ouest,VINS,05 59 04 43 41,Cabidos,CHATEAU DE CABIDOS,,64410,DOMAINE VITICOLE DU CHATEAU DE CABIDOS
2015,372,Val-de-Loire et Centre,VINS,02 41 52 90 84,Saumur,Chaintres - Dampierre-sur-Loire,,49400,Domaine Filliatreau - Château Fouquet
2015,361,Vallée-du-Rhône,VINS,06 87 74 50 10,Saint-Gilles,Mas de la Courbade,,30800,EARL Guigon Boucoiran 
2015,362,Apéritifs,PRODUITS,03 29 89 38 31,Saint-Maurice-sous-les-Côtes,6 rue de l'Eglise,,55210,EARL Domaine de la Goulotte
2015,363,Bières,PRODUITS,03 21 72 24 24,Aix-Noulette,26 route d'Arras,,62160,SAS Brasserie Saint Germain - Bogaert Alain
2015,364,Charcuteries,PRODUITS,0381676720,Morteau,Route de Pontarlier,,25500,Morteau Saucisse
2015,365,Cidres et Poirés bouchés,PRODUITS,0297264740,Hézo (Le),rue lann vrihan,,56450,la maison du cidre
2015,368,Découpes de Volailles ,PRODUITS,05 58 55 33 04,Clermont,650 chemin de Mondenx,,40180,Le Canard chez Degert
2015,366,Eaux de Vie hors Armagnac ,PRODUITS,05 46 49 51 20,Celles,87 route de la Vallée du Né,Les Corbinauds,17520,Estève Jacques
2015,367,Jus de Fruits et nectars,PRODUITS,04 90 28 90 81,Villedieu,Domaine Ferme des Arnaud,Lieu dit LES PIGIERES,84110,Domaine  Ferme des Arnaud 
2015,8,Miels et Hydromels,PRODUITS,03 27 80 00 56,Marchiennes,4 rue du 8 Mai 1945,,59870,Vandecasteele Patrick
2015,5,Huiles de Noix,PRODUITS,04 76 64 74 87,Albenc (L'),84 impasse de Riquetière,,38470,GAEC de Riquetière - Convert Père et Fils
2015,11,Produits Oléicoles,PRODUITS,0490959690,Saint-Rémy-de-Provence,Route d'Orgon,MAS GRAN CABANO,13210,Crouzet Franck
2015,6,Huîtres,PRODUITS,0557164920,GUJAN MESTRAS,RUE DU PORT DE LARROS,BP 4,33470,SARL M & G
2015,10,Produits issus de palmipèdes gras,PRODUITS,05 65 33 62 54,ROCAMADOUR,LES CAMPAGNES,ROUTE DE GOURDON,46500,E A R L FERME DES CAMPAGNES
2015,276,Piments d'Espelette AOC,PRODUITS,05 59 93 93 14,Espelette,Maison Elharra,Quartier Lahargueta,64250,EARL Elharra
2015,278,Produits Laitiers Export ,PRODUITS,05 55 28 27 62,Rilhac-Xaintrie,Le Bourg,,19220,Laiterie Fromagerie Duroux SARL
2015,19,Produits Laitiers Export ,PRODUITS,05 65 37 82 52,Lachapelle-Auzac,Lachapelle-Basse,,46200,GAEC des Champs Bons
2015,274,Produits Laitiers Export ,PRODUITS,04 66 48 02 83,Saint-Étienne-du-Valdonnez,La Borie,,48000,Vincent Emmanuelle et Jean-Marc
2015,275,Produits Laitiers Export ,PRODUITS,04 50 32 10 10,Thônes,Bois Martin,Glapigny,74230,Porret François et Michèle
2015,9,Pommeaux,PRODUITS,02 43 01 84 83,Brûlatte (La),Cornesse,,53410,EARL Marie et Fabien BOURNY
2015,12,Rhums et Punchs,PRODUITS,0596576268,gros-morne,habitation St-Etienne,,97213,RHUMS HSE
2015,13,Truites,PRODUITS,04 75 48 68 11,Échevis,Les Chaberts,,26190,Les Truites de la Vernaison
2015,14,Vanille,PRODUITS,0262230726,SAINTE- SUZANNE,"2 ter Allée CHASSAGNE, Domaine du Grand Hazier",,97441,La Vanilleraie
2015,15,Vins de Liqueur,PRODUITS,0630622877,Biron,Domaine de Birius,4 rue des Peupliers - La Brande,17800,EARL Bouyer
2016,320,Alsace,VINS,0389782374,Ammerschwihr,Quartier des fleurs,,68770,HENRI EHRHART
2016,321,Beaujolais,VINS,04 74 01 11 33,Sain-Bel,RD 389,,69210,cave des coteaux du lyonnais
2016,322,Bordeaux,VINS,0557840895,Jugazan,1 la Perrière,,33420,Falgueyret Jérôme
2016,323,Bourgogne,VINS,03 85 36 96 31,Clessé,rue du Champ Cholet-Cray,,71260,EARL Domaine les Grands Crays
2016,324,Champagne,VINS,0325291155,les riceys,27 rue du  Général-de-Gaulle,,10340,EARL Lamoureux Jean-Jacques
2016,325,Corse,VINS,0495771020,Sartène,route de Levie,,20100, Domaine Fiumicicoli - EARL Terra Corsa
2016,326,Jura Franche-Comté,VINS,03 84 32 77 22,Charcenne,32 grande rue,,70700,VIGNOBLE GUILLAUME
2016,327,Languedoc-Roussillon,VINS,04 68 49 70 26,Siran,14 Chemin des Aires,,34210,BONNET Eric
2016,329,Provence,VINS,06 81 43 94 62,Puyloubier,chemin de la Colle,,13114,EARL Domaine des Diables
2016,330,Savoie-Bugey,VINS,0479281857,LES MARCHES,Saint-André,,73800,Maison Adrien Vacher
2016,331,Sud-Ouest,VINS,05 53 58 43 46,Pomport,La Calevie,,24240,EARL DE LA CALEVIE
2016,354,Val-de-Loire et Centre,VINS,0659476400,Saint-Nicolas-de-Bourgueil,la Forcine,,37140,SCEA Domaine OLIVIER
2016,332,Vallée-du-Rhône,VINS,06 87 74 50 10,Saint-Gilles,Mas de la Courbade,,30800,EARL Guigon Boucoiran 
2016,333,Apéritifs,PRODUITS,0380624738,Turenne,LES PRES DE LA GARE,,19500,DISTILLERIE DES TERRES ROUGES VEDRENNE
2016,334,Bières,PRODUITS,03 88 74 77 04,Matzenheim,"23, rue de l'Ill",,67150,Matten
2016,335,Charcuteries,PRODUITS,05 59 81 91 17,Sedze-Maubecq,EARL Alban Laban,1 route de Bedeille,64160,Alban Laban
2016,336,Cidres et Poirés bouchés,PRODUITS,0240518695,Plessé,Saint-Charles,,44630,EARL Ferme Saint-Charles
2016,337,Confitures,PRODUITS,0561663635,Saint-Lizier,Pont Du Baup,,09190,SARL CONFITURES ET TRADITIONS
2016,338,Découpes de Volailles ,PRODUITS,05 58 76 42 22,Saint-Sever,Zone Industrielle,BP 10026,40500,FERMIERS LANDAIS
2016,339,Eaux de Vie hors Armagnac ,PRODUITS,05 45 83 72 72,Angeac-Champagne,140 Rue de la Bonne Chauffe,,16130,MAISON BOINAUD SAS
2016,340,FOI ,PRODUITS,05 58 97 77 68,Hauriet,1141 route de Ferme Guilhem - Loustalot,,40250,EARL Ferme Guilhem
2016,343,Jus de Fruits et nectars,PRODUITS,02 43 70 92 41,Longuefuye,La Rouérie,,53200,les vergers de la rouérie
2016,344,Miels et Hydromels,PRODUITS,0690382232,PETIT CANAL,cz FOUCAN PERAFIDE BENOIT,Démérée,97131,SCEA O MIEL
2016,341,Huiles de Noix,PRODUITS,04 76 64 74 87,Albenc (L'),84 impasse de Riquetière,,38470,GAEC de Riquetière - Convert Père et Fils
2016,349,Produits Oléicoles,PRODUITS,0620084040,Estézargues,Moulin a Huile du Domaine de Pierredon,Chemin de la distillerie,30390,SARL Domaine de Pierredon
2016,342,Huîtres,PRODUITS,0556660581,Gujan-Mestras,Allée des Prés Salés CIDEX 7,24 Port de Meyran Ouest,33470,EARL LABAN
2016,347,Produits Laitiers Export ,PRODUITS,0231486321,Saint-Loup-de-Fribois,Saint Loup de Fribois,,14340,Fromagerie du Plessis - DUP
2016,346,Produits Laitiers Export ,PRODUITS,04 77 76 82 86,Saint-Bonnet-le-Courreau,Le Pont de la Pierre,,42940,Société Fromagère de Saint-Bonnet
2016,348,Produits Laitiers Export ,PRODUITS,04 66 45 01 79,Saint-Julien-d'Arpaon,Bouges,,48400,GAEC S et L Pradeilles
2016,353,Produits Laitiers Export ,PRODUITS,02 48 54 15 69,Sancerre,chavignol,,18300,SAS FROMAGERIE DUBOIS-BOULAY
2016,345,Pommeaux,PRODUITS,0298568518,LA FORET FOUESNANT,Kertauban,,29940,Cidre Séhédic SAS
2016,350,Rhums et Punchs,PRODUITS,,SAINT BENOÎT,CHEMIN DE MANIOC,BEAUFONDS,97470,DISTILLERIE RIVIERE DU MÂT
2016,351,Safran,PRODUITS,0254216771,ISSOUDUN,LES MAISONS NEUVES,,36100,SCEA MONTAGNET 
2016,352,Vins de Liqueur,PRODUITS,03 84 66 24 54,Arbois,39 RUE DE COURCELLES,,39600,DOMAINE JACQUES TISSOT SARL
2017,403,Alsace,VINS,03 88 92 09 87,Orschwiller,4a route du vin,,67600,Cave Vinicole les Faitieres
2017,376,Beaujolais,VINS,04 74 69 04 45,Quincié-en-Beaujolais,385 route des balloquets,,69430,condemine loic
2017,405,Bordeaux,VINS,0556635945,Preignac,Château Laville,,33210,SCEA Château Laville
2017,377,Bourgogne,VINS,06 08 04 28 12,Mercurey,7 Rue du CLos Rond,,71640,Domaine de l' Europe
2017,378,Champagne,VINS,0326570127,Bouzy,3 RUE D'Ambonnay,,51150,CHAMPAGNE PAUL LOUIS MARTIN
2017,379,Corse,VINS,0495771020,Sartène,route de Levie,,20100, Domaine Fiumicicoli - EARL Terra Corsa
2017,380,Jura Franche-Comté,VINS,03 84 85 26 35,Voiteur,3 route de menetru,,39210,Mossu Francois
2017,381,Languedoc-Roussillon,VINS,0630203331,Frontignan,Route de Montpellier,,34110,EARL Domaine du Mas de Madame
2017,404,Lorraine,VINS,03 83 63 87 31,Lucey,108 grande rue,,54200,EARL Domaine Migot
2017,383,Provence,VINS,06 81 43 94 62,Puyloubier,chemin de la Colle,,13114,EARL Domaine des Diables
2017,384,Savoie-Bugey,VINS,0479282620,Apremont,la Serraz,,73190,SCEA Philippe Chapot
2017,385,Sud-Ouest,VINS,06 07 83 58 82,Loubès-Bernac,Château Les Roques,,47120,SCEA Château Guillaume
2017,386,Val-de-Loire et Centre,VINS,02 41 50 58 61,Saumur,Route de Chaintres,,49400,EARL Domaine de Marigrolles
2017,387,Vallée-du-Rhône,VINS,04 75 21 71 77,Barsac,Route de Viopis,,26150,Domaine Maillefaud
2017,388,Apéritifs,PRODUITS,05 65 62 22 56,Nant,Les Homs,,12230,Aromatiques du Larzac
2017,389,Bières,PRODUITS,03 88 74 77 04,Matzenheim,"23, rue de l'Ill",,67150,Matten
2017,390,Charcuteries,PRODUITS,0381676720,Morteau,Route de Pontarlier,,25500,Morteau Saucisse
2017,411,Charcuteries,PRODUITS,04 77 24 06 17,Trelins,11 rue des pierres,,42130,SAS Salaison du forez Chazal
2017,391,Cidres et Poirés bouchés,PRODUITS,0297264740,Hézo (Le),rue lann vrihan,,56450,la maison du cidre
2017,392,Confitures et Crèmes,PRODUITS,0235906823,HAUSSEZ,2 RUE DU CHATEAU BLEU,,76440,Earl FERME DE LA RHUBARBE
2017,393,Découpes de Volailles ,PRODUITS,05 58 93 60 60,Losse,Route d'Allons,Route d'Allons,40240,Ronsard
2017,406,Eaux de Vie hors Armagnac ,PRODUITS,05 62 68 84 33,Lectoure,Domaine d'Arton,,32700,Domaine d'Arton - Patrick de Montal
2017,396,Jus de Fruits et nectars,PRODUITS,0299075712,Saint-Malon-sur-Mel,"9,le cormier",,35750,earlhuby
2017,397,Miels et Hydromels,PRODUITS,03 83 49 26 56,Faulx,24 route de Malleloy,,54760,Houpert Jacques
2017,394,Huiles de Noix,PRODUITS,0553500634,Saint Amand de Coly,Lieu dit Drouille,,24290,SARL Le moulin de Maneyrol
2017,401,Produits Oléicoles,PRODUITS,0620084040,Estézargues,Moulin a Huile du Domaine de Pierredon,Chemin de la distillerie,30390,SARL Domaine de Pierredon
2017,395,Huîtres,PRODUITS,04 67 01 09 10,Marseillan,Route des Parcs,,34340,Occi-Marée
2017,399,Produits issus de palmipèdes gras,PRODUITS,05 63 02 34 16,Beaumont-de-Lomagne,386 AV DE GASCOGNE , BP 42,82500,Micouleau SA
2017,407,Produits Laitiers National,PRODUITS,02 47 94 71 02,Verneuil-sur-Indre,La Laiterie,Les Arcis,37600,LAITERIE DE VERNEUIL-COOPERATIVE TOURAINE BERRY 
2017,408,Produits Laitiers National,PRODUITS,04 66 48 02 83,Saint-Étienne-du-Valdonnez,La Borie,,48000,Vincent Emmanuelle et Jean-Marc
2017,409,Produits Laitiers National,PRODUITS,33437611884,ARANC,La Fruitière d'Aranc,2 place du lavoir,01110,La Fruitière d'Aranc
2017,410,Produits Laitiers National,PRODUITS,06 35 59 52 09,Meaux,Rue Jehan de Brie,,77100,Société Fromagère de Meaux Saint Faron
2017,398,Pommeaux,PRODUITS,0298568518,LA FORET FOUESNANT,Kertauban,,29940,Cidre Séhédic SAS
2017,402,Rhums et Punchs,PRODUITS,,SAINT BENOÎT,CHEMIN DE MANIOC,BEAUFONDS,97470,DISTILLERIE RIVIERE DU MÂT
2018,412,Alsace,VINS,0389493021,Vœgtlinshoffen,19 rue Roger Frémeaux,,68420,Cattin Frères
2018,413,Beaujolais,VINS,04 74 69 04 45,Quincié-en-Beaujolais,385 route des balloquets,,69430,condemine loic
2018,414,Bordeaux,VINS,0557400612,Castillon-la-Bataille,2 Ferrasse,,33350,EARL Vignobles Massarin
2018,415,Bourgogne,VINS,06 08 04 28 12,Mercurey,7 Rue du CLos Rond,,71640,Domaine de l' Europe
2018,416,Champagne,VINS,0326516639,Cumières,106 rue Gaston Poittevin,,51480,Champagne Sanchez le Guédard
2018,417,Corse,VINS,0495359040,Patrimonio,puccinasca,,20253,SCEA Montemagni
2018,418,Jura Franche-Comté,VINS,03 84 87 61 30,Crançot,Route de Champagnole,,39570,Domaine de Savagny
2018,419,Languedoc-Roussillon,VINS,0467110948,Caux,route de nizas,,34720,SCEA La Font des Ormes
2018,420,Lorraine,VINS,03 83 64 49 52,Bruley,350 rue de la République,,54200,Domaine Régina
2018,421,Provence,VINS,06 81 43 94 62,Puyloubier,chemin de la Colle,,13114,EARL Domaine des Diables
2018,422,Savoie-Bugey,VINS,0479282620,Apremont,la Serraz,,73190,SCEA Philippe Chapot
2018,423,Sud-Ouest,VINS,0556715456,Sauveterre-de-Guyenne,Bellevue Saint Romain,,33540,SCEA Famille d'Amecourt
2018,424,Val-de-Loire et Centre,VINS,0240364770,Mouzillon,La Recivière,,44330,BAUDRIT DANIEL
2018,425,Vallée-du-Rhône,VINS,0466245413,Barjac,"1 , route Mas de Bonnaure",,30430,SCA BARJAC-ST PRIVAT DE CHAMPCLOS-BESSAS
2018,426,Apéritifs,PRODUITS,05 65 62 22 56,Nant,Les Homs,,12230,Aromatiques du Larzac
2018,432,Eaux de Vie d'Armagnac,PRODUITS,0388924410,DAMBACH LA VILLE,5 route d'Ebersheim,,67650,SARL Distillerie André MERSIOL
2018,427,Bières,PRODUITS,,Bazoges-en-Pareds,La Muette,,85390,Ferme - Brasserie La Muette
2018,428,Charcuteries,PRODUITS,05 62 28 92 54,saint puy,terreblanche,terreblanche,32310,TERRE BLANCHE
2018,429,Charcuteries,PRODUITS,0381676720,Morteau,Route de Pontarlier,,25500,Morteau Saucisse
2018,430,Cidres et Poirés,PRODUITS,0297264740,Hézo (Le),rue lann vrihan,,56450,la maison du cidre
2018,431,Confitures et Crèmes,PRODUITS,02 33 50 30 91,Moyon,5261 route de l'Isle,,50860,La Ferme de l'Isle
2018,445,Découpes de Volailles,PRODUITS,06 73 55 77 23,Mantenay-Montlin,1039 route de montlin,,01560,LA FERME JOSSERAND GILBERT
2018,434,Jus de Fruits et nectars,PRODUITS,0380269682,broin,352 Rue du Bernon,,21250,la ferme fruitière
2018,436,Miels et Hydromels,PRODUITS,0492544060,Rousset,1 RUE DES TENNIS LES CELLIERS,,05190,Apiland
2018,433,Huiles de Noix,PRODUITS,0553500634,Saint Amand de Coly,Lieu dit Drouille,,24290,SARL Le moulin de Maneyrol
2018,439,Produits Oléicoles,PRODUITS,0620084040,Estézargues,Moulin a Huile du Domaine de Pierredon,Chemin de la distillerie,30390,SARL Domaine de Pierredon
2018,435,Huîtres,PRODUITS,04 67 01 09 10,Marseillan,Route des Parcs,,34340,Occi-Marée
2018,440,Produits issus de palmipèdes gras,PRODUITS,0553900839,VANXAINS,LA BELAUDIE BP 18,,24600,Sarl La Bélaudie Havard 
2018,437,Piment d'Espelette AOC,PRODUITS,0564111000,jatxou,Maison Itzaina Enea,,64480,GAEC CASTANCHOA FRERES
2018,446,Produits Laitiers,PRODUITS,0233563650,Tessy-sur-Vire,La Bottinière,,50420,GAEC de la Bottinière
2018,448,Produits Laitiers,PRODUITS,04 66 48 02 83,Saint-Étienne-du-Valdonnez,La Borie,,48000,Vincent Emmanuelle et Jean-Marc
2018,449,Produits Laitiers,PRODUITS,04 50 02 05 60,Thônes,40 avenue d'Annecy,,74230,Coopérative des Producteurs de Reblochon fermier
2018,447,Produits Laitiers,PRODUITS,04 74 25 41 86,Etrez,367 route de montrevel,,01340,Laiterie Coopérative Etrez
2018,438,POM,PRODUITS,02 33 39 05 98,Crouttes,la galotière,,61120,GAEC de la Galotière
2018,441,Rhums et Punchs,PRODUITS,0690469435,Pointe-Noire,Chemin de Bellevue,,97116,LA CASE DES SAVEURS
2018,442,Truites,PRODUITS,05 58 05 61 00,Roquefort,505 rue de la Grande Lande,,40120,SAS Aqualande
2018,444,VDL,PRODUITS,0546942139,VIROLLET,Château Bellevue,,17260,Arrivé Jean-Guy et Bruno SAS
2018,443,Viandes,PRODUITS,05 65 81 60 18,Villeneuve,Boulevard de la dîme,,12260,Boucherie Ortalo
2019,474,Alsace,VINS,0389782374,Ammerschwihr,Quartier des fleurs,,68770,HENRI EHRHART
2019,475,Beaujolais,VINS,04 74 69 04 45,Quincié-en-Beaujolais,385 route des balloquets,,69430,condemine loic
2019,476,Bordeaux,VINS,0675012974,Saint-Aignan,13 Saint Cric,,33126,SA Château Fontaine-Saint-Cric
2019,477,Bourgogne,VINS,0385358798,Vergisson,263 rue du château de France,,71960,Charmond
2019,478,Champagne,VINS,0326575298,LE MESNIL SUR OGER,4 RUE DE LA BRECHE D OGER,,51190,SAS GUY CHARLEMAGNE
2019,479,Corse,VINS,04 95 60 70 68,Lumio,Clos Culombu Chemin San Petru,,20260,Suzzoni Etienne
2019,480,Jura Franche-Comté,VINS,03 84 87 61 30,Crançot,Route de Champagnole,,39570,Domaine de Savagny
2019,481,Languedoc-Roussillon,VINS,0468433234,Thézan-des-Corbières,Château Saint Esteve,,11200,GFA Château Saint Estève
2019,482,Lorraine,VINS,0383431104,Bruley,253 rue de la République,,54200,LAROPPE Vincent
2019,483,Provence,VINS,06 81 43 94 62,Puyloubier,chemin de la Colle,,13114,EARL Domaine des Diables
2019,484,Savoie-Bugey,VINS,0619504335,Chignin,chef lieu,,73800,EARL Jean-Charles Girard-Madoux
2019,485,Sud-Ouest,VINS,05 53 24 13 68,Bergerac,Château du Rooy Rosette,,24100,EARL CHATEAU DU ROOY
2019,486,Val-de-Loire et Centre,VINS,02 48 78 54 51,Tracy-sur-Loire,36 Route Nationale - Maltaverne,,58150,SCEA DES COLTABARDS
2019,487,Vallée-du-Rhône,VINS,04 75 21 71 77,Barsac,Route de Viopis,,26150,Domaine Maillefaud
2019,451,Apéritifs et Liqueurs,PRODUITS,03 81 39 04 70,Pontarlier,49 rue des Lavaux,,25300,SAS Distillerie Pierre Guy
2019,457,Eaux de Vie d'Armagnac,PRODUITS,0388924410,DAMBACH LA VILLE,5 route d'Ebersheim,,67650,SARL Distillerie André MERSIOL
2019,452,Bières,PRODUITS,06 71 26 90 16,WALDHAMBACH,6 rue de la promenade,,67430,BRASSERIE BLESSING
2019,490,Charcuteries,PRODUITS,02 43 28 01 66,LE MANS,"8, rue du Pré",,72000,Charcuterie du Pré
2019,489,Charcuteries,PRODUITS,04 66 69 44 79,Lanarce,RN 102,,07660,SAS PUZZI
2019,455,Cidres et Poirés,PRODUITS,0297264740,Hézo (Le),rue lann vrihan,,56450,la maison du cidre
2019,456,Confitures et Crèmes,PRODUITS,02 33 50 30 91,Moyon,5261 route de l'Isle,,50860,La Ferme de l'Isle
2019,469,Découpes de Volailles,PRODUITS,05 58 93 60 60,Losse,Route d'Allons,Route d'Allons,40240,Ronsard
2019,459,Jus de Fruits et nectars,PRODUITS,0299077426,Gaël,La Besnardais,,35290,Monnerie Bertrand
2019,461,Miels et Hydromels,PRODUITS,04 93 04 02 46,Sospel,1535 Route du Moulinet ,La Vasta,06380,Lavoriero Catherine et Marc
2019,462,Mistelles,PRODUITS,0546942139,VIROLLET,Château Bellevue,,17260,Arrivé Jean-Guy et Bruno SAS
2019,463,Mistelles,PRODUITS,02 98 94 23 68,Plomelin,Pont-Menhir,,29700,Distillerie des Menhirs
2019,458,Huiles de Noix,PRODUITS,0553500634,Saint Amand de Coly,Lieu dit Drouille,,24290,SARL Le moulin de Maneyrol
2019,464,Produits Oléicoles,PRODUITS,0786539361,Verfeuil,234 chemin du moulin à huile,Hameau de Montèze,30630,Moulin à Huile Thomassot
2019,460,OST,PRODUITS,0233478628,Gouville-sur-Mer,58 rue de la mer,,50560,SCEA Cap au Large
2019,465,Produits issus de palmipèdes gras,PRODUITS,05 65 44 02 32,Espalion,Zone artisanale La Bouysse,,12500,SARL NORD AVEYRON PORC
2019,467,Piment d'Espelette,PRODUITS,0564111000,jatxou,Maison Itzaina Enea,,64480,GAEC CASTANCHOA FRERES
2019,470,Produits Laitiers,PRODUITS,0233563650,Tessy-sur-Vire,La Bottinière,,50420,GAEC de la Bottinière
2019,473,Produits Laitiers,PRODUITS,0669257713,Aubière,46 rue du Chambon,,63170,SARL Fromagerie Soron
2019,472,Produits Laitiers,PRODUITS,04 75 21 00 15,Saillans,"70, Chemin de La Tuilière",,26340,Fromagerie Des 3 Becs
2019,471,Produits Laitiers,PRODUITS,03 85 76 33 50,Varennes-Saint-Sauveur,60 route des Charmettes,,71480,Laiterie de Bresse
2019,466,Rhums et Punchs,PRODUITS,0690469435,Pointe-Noire,Chemin de Bellevue,,97116,LA CASE DES SAVEURS
2019,468,Viandes,PRODUITS,0563534041,VALENCE D'ALBIGEOIS,Pôle d'activité Val 81,,81340,SICA2G
